global,,room;entrance,room;,room;mash,room;curio,r;final_room,,c;,c;mash,c;curio,c;trap,c;obstacle,,,,,,,,,,,,,,,,,,,,,,,,,,,,,,
fog_of_war=on,,ROOM TILES,,,,,,CORRIDOR TILES,,,,,,COMMENT,,,,,,,,,,,,,,,,,,,,,,,,,,,,
,,,,,,,,,,,,,,,,,,,,,,,,,,,,,,,,,,,,,,,,,,
,,,,,,,,,,,,,,,,,,,,,,,,,,,,,,,,,,,,,,,,,,
,,,,,,,,,,,,,,,,,,,,,,,,,,,,,,,,,,,,,,,,,,
,,,,,,,,,,,,,,,,,,,,,,,,,,,,,,,,,,,,,,,,,,
,,,,,,,,,,,,,,,,,,,,,,,,,,,,,,,,,,,,,,,,,,
,,,,,,,,,,,,,,,,,,,,,,,,,,,,,,,,,,,,,,,,,,
,,,,,,,,,,,,,,,,,,,,,,,,,,,,,,,,,,,,,,,,,,
,,,,,,,,,,,,,,,,,,,,,,,,,,,,,,,,,,,,,,,,,,
,,,,,,,,,,,,,,,,,,,,,,,,,,,,,,,,,,,,,,,,,,
,,,,,,,,,,,,,,,,,,,,,,,,,,,,,,,,,,,,,,,,,,
,,,,,,,,,,,,,,,,,,,,,,,,,,,,,,,,,,,,,,,,,,
,,,,,,,,,,,,,,,,,,,,,,,,,,,,,,,,,,,,,,,,,,
,,,,,,,,,,,,,,,,,,,,,,,,,,,,,,,,,,,,,,,,,,
,,,,,,,,,,,,,,,,,,,,,,,,,,,,,,,,,,,,,,,,,,
,,,,,,,,,,,,,,,,,,,,,,,,,,,,,,,,,,,,,,,,,,
,,,,,,,,,,,,,,,,,,,,,,,,,,,,,,,,,,,,,,,,,,
,,,,,,,,,,,,,,,,,,,,,,,,,,,,,,,,,,,,,,,,,,
,,,,,,,,,,,,,,,,,,,,,,,,,,,,,,,,,,,,,,,,,,
,,,,,,,,,,,,,,,,,,,,,,,,,,,,,,,,,,,,,,,,,,
,,,,,,,,,,,,,,,,,,,,,,,,,,,,,,,,,,,,,,,,,,
,,,,,,,,,,,,,,,,,,,,,,,,,,,,,,,,,,,,,,,,,,
,,,,,,,,,,,,,,,,,,,,,,,,,,,,,,,,,,,,,,,,,,
,,,,,,,,,,,,,,,,,,room;,c;,c;,c;,c;,c;,c;,c;,room;,,,,,,,,room;curio=TheSpiv,,,,,,,,room;
,,,,,,,,,,,,,,,,,,c;,,,,,,,,c;,,,,,,,,c;,,,,,,,,c;door_prop=green_door
,,,,,,,,,,,,,,,,,,c;,,,,,,,,c;,,,,,,,,c;,,,,,,,,c;
,,,,,,,,,,,,,,,,,,c;,,,,,,,,c;,,,,,,,,c;,,,,,,,,c;
,,,,,,,,,,,,,,,,,,c;,,,,,,,,c;,,,,,,,,c;,,,,,,,,c;
,,,,,,,,,,,,,,,,,,c;,,,,,,,,c;,,,,,,,,c;,,,,,,,,c;
,,,,,,,,,,,,,,,,,,c;,,,,,,,,c;,,,,,,,,c;,,,,,,,,c;
,,,,,,,,,,,,,,,,,,c;,,,,,,,,c;,,,,,,,,c;,,,,,,,,c;
,,room;quest_curio,c;,c;,c;,c;,c;,c;,c;,room;,c;,c;,c;,c;,c;,c;,c;,room;curio=murder_site_3,,,,,,,,room;curio=room;curio=homeless_drunk,c;,c;,c;,c;,c;,c;,c;,room;,c;,c;,c;,c;,c;,c;,c;,room;
,,c;,,,,,,,,c;,,,,,,,,c;,,,,,,,,c;,,,,,,,,,,,,,,,,c;
,,c;,,,,,,,,c;,,,,,,,,c;,,,,,,,,c;,,,,,,,,,,,,,,,,c;
,,c;,,,,,,,,c;,,,,,,,,c;,,,,,,,,c;,,,,,,,,,,,,,,,,c;
,,c;,,,,,,,,c;,,,,,,,,c;,,,,,,,,c;,,,,,,,,,,,,,,,,c;
,,c;,,,,,,,,c;,,,,,,,,c;,,,,,,,,c;,,,,,,,,,,,,,,,,c;
,,c;,,,,,,,,c;,,,,,,,,c;,,,,,,,,c;,,,,,,,,,,,,,,,,c;
,,c;,,,,,,,,c;door_prop=red_door,,,,,,,,c;,,,,,,,,c;,,,,,,,,,,,,,,,,c;
,,room;curio=murder_site,,,,,,,,room;curio=murder_site_2,,,,,,,,room;,c;,c;,c;,c;,c;,c;,c;,room;,,,,,,,,,,,,,,,,room;curio=police_lieutenant 
,,c;,,,,,,,,c;door_prop=red_door,,,,,,,,,,,,,,,,,,,,,,,,,,,,,,,,
,,c;,,,,,,,,c;,,,,,,,,,,,,,,,,,,,,,,,,,,,,,,,,
,,c;,,,,,,,,c;,,,,,,,,,,,,,,,,,,,,,,,,,,,,,,,,
,,c;,,,,,,,,c;,,,,,,,,,,,,,,,,,,,,,,,,,,,,,,,,
,,c;,,,,,,,,c;,,,,,,,,,,,,,,,,,,,,,,,,,,,,,,,,
,,c;,,,,,,,,c;,,,,,,,,,,,,,,,,,,,,,,,,,,,,,,,,
,,c;,,,,,,,,c;,,,,,,,,,,,,,,,,,,,,,,,,,,,,,,,,
,,room;entrance,c;,c;,c;,c;,c;,c;,c;,room;,,,,,,,,,,,,,,,,,,,,,,,,,,,,,,,,
