global,,room;entrance,room;,room;mash,room;curio,r;final_room,,c;,c;mash,c;curio,c;trap,c;obstacle,,,,,,,,,,,,,,,,,,,,,,,,,,,,,,,,,,,,,,,,,,,,,,
fog_of_war=on,,ROOM TILES,,,,,,CORRIDOR TILES,,,,,,COMMENT,,,,,,,,,,,,,,,,,,,,,,,,,,,,,,,,,,,,,,,,,,,,
,,,,,,,,,,,,,,,,,,,,,,,,,,,,,,,,,,,,,,,,,,,,,,,,,,,,,,,,,,
,,,,,,,,,,,,,,,,,,,,,,,,,,,,,,,,,,,,,,,,,,,,,,,,,,,,,,,,,,
,,,,,,,,,,,,,,,,,,,,,,,,,,,,,,,,,,,,,,,,,,,,,,,,,,,,,,,,,,
,,,,,,,,,,,,,,,,,,,,,,,,,,,,,,,,,,,,,,,,,,,,,,,,,,,,,,,,,,
,,,,,,,,,,,,,,,,,,,,,,,,,,,,,,,,,,,,,,,,,,,,,,,,,,,,,,,,,,
,,,,,,,,,,,,,,,,,,,,,,,,,,,,,,,,,,,,,,,,,,,,,,,,,,,,,,,,,,
,,,,,,,,,,,,,,,,,,,,,,,,,,,,,,,,,,,,,,,,,,,,,,,,,,,,,,,,,,
,,,,,,,,,,,,,,,,,,,,,,,,,,,,,,,,,,,,,,,,,,,,,,,,,,,,,,,,,,
,,,,,,,,,,,,,,,,,,,,,,,,,,,,,,,,,,,,,,,,,,,,,,,,,,,,,,,,,,
,,,,,,,,,,,,,,,,,,,,,,,,,,,,,,,,,,,,,,,,,,,,,,,,,,,,,,,,,,
,,,,,,,,,,,,,,,,,,,,,,,,,,,,,,,,,,,,,,,,,,,,,,,,,,,,,,,,,,
,,,,,,,,,,,,,,,,,,,,,,,,,,,,,,,,,,,,,,,,,,,,,,,,,,,,,,,,,,
,,,,,,,,,,,,,,,,,,,,,,,,,,,,,,,,,,,,,,,,,,,,,,,,,,,,,,,,,,
,,,,,,,,,,,,,,,,,,,,,,,,,,,,,,,,,,,,,,,,,,,,,,,,,,,,,,,,,,
,,,,,,,,,,,,,,,,,,,,,,,,,,,,,,,,,,,,,,,,,,,,,,,,,,,,,,,,,,
,,,,,,,,,,,,,,,,,,,,,,,,,,,,,,,,,,,,,,,,,,,,,,,,,,,,,,,,,,
,,,,,,,,,,,,,,,,,,,,,,,,,,,,,,,,,,,,,,,,,,,,,,,,,,,,,,,,,,
,,,,,,,,,,,,,,,,,,,,,,,,,,,,,,,,,,,,,,,,,,,,,,,,,,,,,,,,,,
,,,,,,,,,,,,,,,,,,,,,,,,,,,,,,,,,,,,,,,,,,,,,,,,,,,,,,,,,,
,,,,,,,,,,,,,,,,,,,,,,,,,,,,,,,,,,,,,,,,,,,,,,,,,,,,,,,,,,
,,,,,,,,,,,,,,,,,,,,,,,,,,,,,,,,,,,,,,,,,,,,,,,,,,,,,,,,,,
,,,,,,,,,,,,,,,,,,,,,,,,,,,,,,,,,,,,,,,,,,,,,,,,,,,,,,,,,,
,,,,,,,,,,,,,,,,,,,,,,,,,,,,,,,,,,,,,,,,,,,,,,,,,,,,,,,,,,
,,,,,,,,,,,,,,,,,,,,,,,,,,,,,,,,,,,,,,,,,,,,,,,,,,,,,,,,,,
,,,,,,,,,,,,,,,,,,,,,,,,,,,,,,,,,,,,,,,,,,,,,,,,,,,,,,,,,,
,,,,,,,,,,,,,,,,,,,,,,,,,,,,,,,,,,,,,,,,,,,,,,,,,,,,,,,,,,
,,,,,,,,,,,,,,,,,,,,,,,,,,,,,,,,,,,,,,,,,,,,,,,,,,,,,,,,,,
,,,,,,,,,,,,,,,,,,,,,,,,,,,,,,,,,,,,,,,,,,,,,,,,,,,,,,,,,,
,,,,,,,,,,,,,,,,,,,,,,,,,,,,,,,,,,,,,,,,,,,,,,,,,,,,,,,,,,
,,,,,,,,,,,,,,,,,,,,,,,,,,,,,,,,,,,,,,,,,,,,,,,,,,,,,,,,,,
,,,,,,,,,,,,,,,,,,,,,,,,,,,,,,,,,,,,,,,,,,,,,,,,,,,,,,,,,,
,,,,,,,,,,,,,,,,,,,,,,,,,,,,,,,,,,,,,,,,,,,,,,,,,,,,,,,,,,
,,,,,,,,,,,,,,,,,,,,,,,,,,,,,,,,,,,,,,,,,,,,,,,,,,,,,,,,,,
,,,,,,,,,,,,,,,,,,,,,,,,,,,,,,,,,,,,,,,,,,,,,,,,,,,,,,,,,,
,,,,,,,,,,,,,,,,,,,,,,,,,,,,,,,,,,,,,,,,,,,,,,,,,,,,,,,,,,
,,,,,,,,,,,,,,,,,,,,,,,,,,,,,,,,,,,,,,,,,,,,,,,,,,,,,,,,,,
,,,,,,,,,,,,,,,,,,,,,,,,,,,,,,,,,,,,,,,,,,,,,,,,,,,,,,,,,,
,,,,,,,,,,,,,,,,,,,,,,,,,,,,,,,,,,,,,,,,,,,,,,,,,,,,,,,,,,
,,,,,,,,,,,,,,,,,,,,,,,,,,,,,,,,,,,,,,,,,,,,,,,,,,,,,,,,,,
,,,,,,,,,,,,,,,,,,,,,,,,,,,,,,,,,,,,,,,,,,,,,,,,,,,,,,,,,,
,,,,,,,,,,,,,,,,,,,,,,,,,,,,,,,,,,,,,,,,,,,,,,,,,,,,,,,,,,
,,,,,,,,,,,,,,,,,,,,,,,,,,,,,,,,,,,,,,,,,,,,,,,,,,,,,,,,,,
,,,,,,,,,,,,,,,,,,,,,,,,,,room;quest_curio;mash=gork,,,,,,,,,,,,,,,,room;curio,c;,c;,c;,c;,c;,c;,c;,room;,c;,c;,c;,c;,c;,c;,c;,room;
,,,,,,,,,,,,,,,,,,,,,,,,,,c;,,,,,,,,,,,,,,,,c;,,,,,,,,c;,,,,,,,,c;
,,,,,,,,,,,,,,,,,,,,,,,,,,c;,,,,,,,,,,,,,,,,c;,,,,,,,,c;,,,,,,,,c;trap
,,,,,,,,,,,,,,,,,,,,,,,,,,c;,,,,,,,,,,,,,,,,c;,,,,,,,,c;,,,,,,,,c;
,,,,,,,,,,,,,,,,,,,,,,,,,,c;,,,,,,,,,,,,,,,,c;,,,,,,,,c;trap,,,,,,,,c;
,,,,,,,,,,,,,,,,,,,,,,,,,,c;trap,,,,,,,,,,,,,,,,c;,,,,,,,,c;,,,,,,,,c;
,,,,,,,,,,,,,,,,,,,,,,,,,,c;,,,,,,,,,,,,,,,,c;,,,,,,,,c;,,,,,,,,c;
,,,,,,,,,,,,,,,,,,,,,,,,,,c;,,,,,,,,,,,,,,,,c;,,,,,,,,c;,,,,,,,,c;
,,,,,,,,,,,,,,,,,,,,,,,,,,room;,c;,c;,c;,c;,c;,c;,c;,room;icon=LockedRoom_Red.png,c;,c;,c;,c;curio,c;,c;,c;,room;mash,,,,,,,,room;mash,c;,c;,c;,c;,c;,c;,c;,room;curio
,,,,,,,,,,,,,,,,,,,,,,,,,,,,,,,,,,c;,,,,,,,,c;,,,,,,,,c;,,,,,,,,
,,,,,,,,,,,,,,,,,,,,,,,,,,,,,,,,,,c;,,,,,,,,c;,,,,,,,,c;curio,,,,,,,,
,,,,,,,,,,,,,,,,,,,,,,,,,,,,,,,,,,c;mash,,,,,,,,c;,,,,,,,,c;,,,,,,,,
,,,,,,,,,,,,,,,,,,,,,,,,,,,,,,,,,,c;,,,,,,,,c;mash,,,,,,,,c;mash,,,,,,,,
,,,,,,,,,,,,,,,,,,,,,,,,,,,,,,,,,,c;curio,,,,,,,,c;,,,,,,,,c;,,,,,,,,
,,,,,,,,,,,,,,,,,,,,,,,,,,,,,,,,,,c;,,,,,,,,c;,,,,,,,,c;curio,,,,,,,,
,,,,,,,,,,,,,,,,,,,,,,,,,,,,,,,,,,c;,,,,,,,,c;,,,,,,,,c;,,,,,,,,
,,,,,,,,,,,,,,,,,,,,,,,,,,room;,c;,c;trap,c;,c;obstacle,c;,c;trap,c;,room;mash,c;,c;,c;,c;obstacle,c;,c;,c;,room;,c;,c;,c;,c;,c;,c;,c;,room;,,,,,,,,
,,,,,,,,,,,,,,,,,,,,,,,,,,c;,,,,,,,,,,,,,,,,,,,,,,,,c;,,,,,,,,
,,,,,,,,,,,,,,,,,,,,,,,,,,c;,,,,,,,,,,,,,,,,,,,,,,,,c;,,,,,,,,
,,,,,,,,,,,,,,,,,,,,,,,,,,c;,,,,,,,,,,,,,,,,,,,,,,,,c;,,,,,,,,
,,,,,,,,,,,,,,,,,,,,,,,,,,c;curio,,,,,,,,,,,,,,,,,,,,,,,,c;obstacle,,,,,,,,
,,,,,,,,,,,,,,,,,,,,,,,,,,c;,,,,,,,,,,,,,,,,,,,,,,,,c;,,,,,,,,
,,,,,,,,,,,,,,,,,,,,,,,,,,c;,,,,,,,,,,,,,,,,,,,,,,,,c;,,,,,,,,
,,,,,,,,,,,,,,,,,,,,,,,,,,c;,,,,,,,,,,,,,,,,,,,,,,,,c;,,,,,,,,
,,,,,,,,,,,,,,,,,,,,,,,,,,room;entrance,,,,,,,,,,,,,,,,room;,c;,c;,c;,c;mash,c;,c;,c;,room;curio,c;,c;obstacle,c;,c;mash,c;,c;curio,c;,room;quest_curio;mash=mork;icon=LockedRoom_Blue.png
,,,,,,,,,,,,,,,,,,,,,,,,,,,,,,,,,,,,,,,,,,c;,,,,,,,,c;,,,,,,,,
,,,,,,,,,,,,,,,,,,,,,,,,,,,,,,,,,,,,,,,,,,c;,,,,,,,,c;,,,,,,,,
,,,,,,,,,,,,,,,,,,,,,,,,,,,,,,,,,,,,,,,,,,c;curio,,,,,,,,c;,,,,,,,,
,,,,,,,,,,,,,,,,,,,,,,,,,,,,,,,,,,,,,,,,,,c;,,,,,,,,c;,,,,,,,,
,,,,,,,,,,,,,,,,,,,,,,,,,,,,,,,,,,,,,,,,,,c;mash,,,,,,,,c;,,,,,,,,
,,,,,,,,,,,,,,,,,,,,,,,,,,,,,,,,,,,,,,,,,,c;,,,,,,,,c;,,,,,,,,
,,,,,,,,,,,,,,,,,,,,,,,,,,,,,,,,,,,,,,,,,,c;,,,,,,,,c;,,,,,,,,
,,,,,,,,,,,,,,,,,,,,,,,,,,,,,,,,,,,,,,,,,,room;curio,c;,c;,c;,c;,c;,c;,c;,room;,,,,,,,,
